id;code;name;email;phone
1;fortunately ah unwilling;marksman;Hailee86@hotmail.com;604.287.6160 x00716
2;premeditation boohoo pish;vol blindly yesterday;Octavia_Koepp45@gmail.com;1-342-736-7293 x781
3;outbid;so refine;Cruz_Pouros@hotmail.com;1-549-228-8270 x7107
4;qua emulsify sizzling;retention spiffy consequently;Bradford_Mann-Langosh@yahoo.com;948-273-2398 x0624
5;with during;unusual orchestrate whether;Cecile99@yahoo.com;1-946-589-5438
6;ick accredit;even lawmaker;Cassidy8@yahoo.com;1-586-908-9849 x79528
7;grade evince;allocation a married;Edmund_Jakubowski81@hotmail.com;379.979.5570
8;summary badly capitalize;fireplace cease swath;Jodie.Oberbrunner@gmail.com;687-379-1546 x521
9;pixellate highlight lest;husk wonderful;Beverly_Yost@hotmail.com;929-797-0444 x6766
10;that postbox;tense;Lea_Hegmann68@hotmail.com;(316) 361-4714 x3696
