id;code;len;create_date;type;base_64
1;as;30119;2024-12-12;membership iridescence upbeat;meal per
2;boulevard;13014;2024-12-13;bah;phooey because
3;flawless;19132;2024-12-12;uh-huh carnival astride;so wretched
4;without delight;11689;2024-12-12;oof lest;outlandish
5;likewise;28345;2024-12-13;bewail;lest spectacles
6;unsteady huff;28799;2024-12-12;disadvantage;emphasise
7;um indeed;15427;2024-12-13;hence;apropos since
8;anti;8632;2024-12-12;hence boring;for
9;whenever joyously sedately;17191;2024-12-13;certify equate;newsletter reapply into
10;scratchy however;2344;2024-12-13;loosely however;outside switchboard
